domain,phone number,social media links,locations
mazautoglass.com,(415) 626-4474,,
tlalocrivas.com,,https://www.linkedin.com/in/tlaloc-rivas-2a6b2610/|https://www.instagram.com/tlalocnyc/?hl=en|https://www.facebook.com/tlalocnyc|https://www.instagram.com/tlalocnyc/,
workitstudio.com,(202) 588-7363,https://www.facebook.com/workitstudio|https://www.instagram.com/workitstudio/|https://www.facebook.com/balancegymdc/?fref=mentions,"1339 Green Court, N.W. Washington, D.C. 20005"
thestonenc.com,,https://www.instagram.com/thestonech/|https://www.facebook.com/thestonenc,
kansaslimousin.org,620-432-5056,https://www.facebook.com/groups/1235892853935518/|https://www.facebook.com/groups/294431518392859/user/1483456138/?__cft__%5b0%5d=AZUHMermbSGOCqsTa2CUw-C3RjZHRYoqHY5zxofYh9cPVLmj8oovH-ozQ8Az2pl-qEBLQkYfTipIbB4ljFZlj5IbZq8M64Cs76vBohtKhUkPh_r2JcYW9Vp8nByochGu4Ogyg3-7aPEnZtlSnHHAXPo3RLUrj7WQ5oSijTWRv8Ob8_9t3oXuz5YSp4Y_z5bs4iI&__tn__=-%5dK-R,
ohanaconsulting.net,(949) 230-7919,,
takapartners.com,818.583.7033,,
top-salon-hair-salon.business.site,(814) 954-5812,,
kns-construction.com,203-231-8300,,
trueaudio.com,865-494-3388,,
venturemediaagency.com,732-535-4027,https://www.facebook.com/venturemediadigital/|https://www.instagram.com/venturemediadigital/,
garrettwietholter.com,309-622-5001|(317) 873-8958|(317) 873-3230,https://www.linkedin.com/in/garrett-wietholter-b5037a88|https://www.facebook.com/153341281385570,
nashvilleucc.org,937-698-5867,,
outforlifeministries.com,,https://www.facebook.com/Out-for-Life-Ministries-Inc-1444213995686520/?__tn__=%2Cd%2CP-R&eid=ARAd-OacvVe6PBbPlF59zrm7WStTgo0xiJvNqvBmcXd1XeFTDHfnsJWmG1bpCdpGzjwm8caZF6eO2Bvh|https://www.facebook.com/pg/Out-for-Life-Ministries-Inc-1444213995686520/videos/?ref=page_internal,
phack.org,,https://www.instagram.com/pacifichackersca|https://www.linkedin.com/company/pacific-hackers-meetup|https://www.facebook.com/phackca,
couplescounselingatlanta.com,678-744-7347,,
philstreeppc.com,(954) 931-3700,,
meroscience.org,541-231-0164,https://www.facebook.com/MEROScienceProgram/,
runlikeclockwork.com,,https://www.linkedin.com/in/adriennedorison/|https://www.instagram.com/rlclockwork/,
themasker.com,,https://www.instagram.com/themaskerstudio/|https://www.facebook.com/TheMaskerStudio,
ercc.biz,(304) 636-1391|304-636-1391,https://www.linkedin.com/company/15579798/|https://www.facebook.com/ElkinsRehabilitationandCareCenter/,
floridaloansigning.com,561-674-6616,https://www.linkedin.com/company/florida-loan-signing,
harvardpsc.com,,https://www.instagram.com/harvardpsc/|https://www.facebook.com/psc.harvard/,
enigomusic.com,,https://www.instagram.com/enigomusic/|https://www.facebook.com/enigomusic/,
harlongroup.com,303.910.3704|(303) 910-3704,,
rpuma.org,386-467-9113|386-546-0426,,
theceosalon.com,,https://www.instagram.com/theceosalon/|https://www.facebook.com/theCEOsalon/,
whitwell-accounting-llc.business.site,(636) 485-2995,,
denhamsflorist.com,(706) 685-0182,https://www.facebook.com/pages/Denhams-Florist/280490905379085,
groundswellglobalresearch.org,(949) 412 2247,,
myzerly.com,,https://www.linkedin.com/pub/nic-edwards/36/a77/7a5/,
mottshay.com,252-537-9661|800-533-3754,,
rethinkingwealth.org,,https://www.linkedin.com/company/18005206/|https://www.facebook.com/RethinkingWealth/,
centralcoastmd.com,(805) 450-3322|(805) 296-3550|(805) 739-3436|(805) 473-7670|(805) 569-7567|(805) 542-6392|(805) 546-7723|(805) 569-7477|(805) 434-1491,,
thephotoboothunlimited.com,(951) 412-1624|(651) 363-7249,,
urtubiavielma.com,,https://www.linkedin.com/in/pablourtubia/|https://www.linkedin.com/in/camila-vielma-reyes-25911941/|https://www.linkedin.com/company/urtubiavielma/,
carvedsoulsmusic.com,,https://www.instagram.com/carved_souls/|https://www.facebook.com/CarvedSoulsOfficial/,
sheetmetallocal399.com,843.554.4418,https://www.facebook.com/local399/?fref=ts,
kcc.org,,https://www.facebook.com/KagyuChangchubChuling,
river-valley-rv-park-tx.business.site,(817) 999-5852,,
scentvillage.com,702.296.6326,,
virtekcompany.com,800-844-9182,https://www.linkedin.com/company/wix-com|https://www.facebook.com/wix,
hiddengallerywines.com,,https://www.instagram.com/hiddengallerywines/|https://www.facebook.com/hiddengallerywines,
kristyler.com,(602) 430-2769,https://www.facebook.com/#,
ngchm.net,,https://www.linkedin.com/cws/share?url=%2fpost%2flinkout-type-descriptions%2f|https://www.linkedin.com/cws/share?url=%2fpost%2fnew-features-in-ngchm-galaxy%2f|https://www.facebook.com/sharer/sharer.php?u=%2fpost%2fhow-to-examine-pathways-in-next-generation-clustered-heat-maps%2f|https://www.linkedin.com/cws/share?url=%2fpost%2fhow-to-embed-next-generation-clustered-heat-maps%2f|https://www.facebook.com/sharer/sharer.php?u=%2fpost%2fhow-to-create-next-generation-clustered-heat-maps-with-interactive-builder%2f|https://www.linkedin.com/cws/share?url=%2fpost%2fhow-to-embed-next-generation-clustered-heat-maps-v2%2f|https://www.facebook.com/NextGenerationClusteredHeatMap|https://www.linkedin.com/cws/share?url=%2fpost%2fhow-to-examine-pathways-in-next-generation-clustered-heat-maps%2f|https://www.facebook.com/sharer/sharer.php?u=%2fpost%2fhow-to-create-next-generation-clustered-heat-maps-with-isb-cgc-data%2f|https://www.linkedin.com/cws/share?url=%2fpost%2fhow-to-create-next-generation-clustered-heat-maps-with-interactive-builder%2f|https://www.facebook.com/sharer/sharer.php?u=%2fpost%2fnew-features-in-rstudio-ngchm%2f|https://www.facebook.com/sharer/sharer.php?u=%2fpost%2fclustered-heat-maps-for-big-data%2f|https://www.facebook.com/sharer/sharer.php?u=%2fpost%2fnew-features-in-ngchm-galaxy%2f|https://www.facebook.com/sharer/sharer.php?u=%2fpost%2fhow-to-embed-next-generation-clustered-heat-maps-v2%2f|https://www.linkedin.com/cws/share?url=%2fpost%2fhow-to-create-next-generation-clustered-heat-maps-with-isb-cgc-data%2f|https://www.linkedin.com/cws/share?url=%2fpost%2fnew-features-in-ngchm-viewer%2f|https://www.facebook.com/sharer/sharer.php?u=%2fpost%2flinkout-type-descriptions%2f|https://www.facebook.com/sharer/sharer.php?u=%2fpost%2fnew-features-in-ngchm-viewer%2f|https://www.facebook.com/sharer/sharer.php?u=%2fpost%2fhow-to-embed-next-generation-clustered-heat-maps%2f|https://www.linkedin.com/cws/share?url=%2fpost%2fnew-features-in-rstudio-ngchm%2f|https://www.linkedin.com/cws/share?url=%2fpost%2fclustered-heat-maps-for-big-data%2f,
projectgestalt.com,,https://www.linkedin.com/in/patty-clark-2874281bb/|https://www.linkedin.com/company/project-gestalt/about/|https://www.linkedin.com/in/neil-glenn-jacobson/,
ridgelinehomeinspect.com,(920) 609-4799,,
sonicshopper.com,800-670-7749,https://www.facebook.com/Sonic-Shopper-101220935308641,
d30ufu6vr9yoyg.cloudfront.net,800-772-2085,https://www.linkedin.com/edu/wartburg-college-20397|https://www.linkedin.com/school/wartburg-college|https://www.facebook.com/wartburgcollege,
darstproperties.com,781-741-5060|781-741-9942,,
teriorr.weebly.com,,https://www.instagram.com/thebeboplab/,
auroratechservices.com,281.453.7700|281.453.7400|210.729.5060,,
homeworkninjas.com,725-224-8795,,
vickcarneylaw.com,817-596-5533,,
puppetheap.com,,https://www.facebook.com/puppetheap/|https://www.linkedin.com/company/puppetheap/,
marinbaroque.org,415.497.6634,https://www.facebook.com/marin.baroque|https://www.instagram.com/marinbaroque/,
par1cleaners.business.site,(770) 345-2419,,
acupuncture-oriental-massage.business.site,(715) 440-5938,,
bluemercury.com,,https://www.instagram.com/bluemercury/|https://www.facebook.com/bluemercury/,
teambuildergroup.com,(206) 922-5355,,
embodyacupuncture.com,917.749.2909,,
liveatmontclairapt.com,(844) 599-1596,https://www.facebook.com/TheMichaelsOrg,
aiesteam.org,,https://www.instagram.com/p/B-Z9QnAjbg2/|https://www.instagram.com/p/B-r_CJ9Dfw0/|https://www.linkedin.com/company/aiesteam/|https://www.facebook.com/aiesteam/|https://www.instagram.com/aiesteam/|https://www.instagram.com/p/B-XZlmsDChi/|https://www.instagram.com/p/B-NRvYQD2xI/,
returndeals.net,(612) 207-3540,,
energy-health-oriental-massage.business.site,(321) 914-2820,,
informatichiamoci.it,,https://www.facebook.com/informatichiamoci,
pcinapa.com,505-864-2246|505-865-1006|575-746-3597,,
sanchez-lawn-care-and-landscaping-services.business.site,(903) 917-5548,,
carissahannumtherapy.com,202-677-5049|202-656-3681,,
mctierart.com,706-699-0660,https://www.linkedin.com/in/jacemctier/|https://www.facebook.com/mctierart|https://www.instagram.com/mctierart/,
myfriendsandme.net,,https://www.facebook.com/myfriendsandmeinc|https://www.instagram.com/myfriendsandme_inc,
carriecrespo.com,(917) 251-5557,,
celebaesthetics.com,713-829-0955|(713) 829-0955,https://www.facebook.com/Celeb-Aesthetics-Wellness-100218048184824/|https://www.instagram.com/celeb_aestheticstx/,
coastaldefense.business.site,(904) 424-0420|(904) 241-2030,,
southernuc.com,912.898.2230|912-898-2227|843.357.4357|912.898.2227|843.357.4359,https://www.instagram.com/accounts/login/?next=/southernuc31410/|https://www.facebook.com/pages/category/Medical-Center/Southern-Urgent-Care-Murrells-Inlet-406197416153236/|https://www.facebook.com/SouthernUrgentCare,
prlassociates.net,607-785-8381|607-785-8382,https://www.facebook.com/PRLAssociates,
cahabacreative.com,205.799.3880,,
topcropalliance.com,812-343-9638|812-614-0436,https://www.facebook.com/topcropagronomy,
smilesbygateway.com,817-858-6333|817-369-8007,,
johnstons-clothiers.business.site,(316) 682-1000,,
completecaredevelopmentcenter.com,513-910-4998|513-761-2232,https://www.facebook.com/CompleteCareDevelopment/,
monahanclinics.com,386-328-2710|904-824-8353,https://www.instagram.com/p/C04S6mvKG2O/|https://www.instagram.com/p/Cz_-BgSqtil/|https://www.instagram.com/p/C1cWAP-K-5S/|https://www.instagram.com/monahanchiro_medical/|https://www.facebook.com/MonahanClinics|https://www.instagram.com/p/C1FK3WGKXyc/|https://www.instagram.com/p/C0_6cLjqZfg/|https://www.instagram.com/p/C1PeCOHqsll/,"419 Anastasia Blvd, St. Augustine, FL 32080, USA|903 St Johns Ave, Palatka, FL 32177, USA"
roux30a.com,(850) 213-0899,https://www.facebook.com/Roux30a|https://www.instagram.com/roux30a/,
airprofork.com,,https://www.instagram.com/p/BfrhhXRnKPF/|https://www.instagram.com/p/BfwG5VXH59P/|https://www.instagram.com/p/BeQ9OyCnDG6/|https://www.instagram.com/p/B5OeatAl__d/|https://www.instagram.com/p/BtJO2SalP_b/|https://www.instagram.com/p/BeirhaanHT_/,
candybartending.com,,https://www.instagram.com/candybar_bartender/|https://www.facebook.com/Candythebartender,
propertyguysnj.com,856.722.8090,https://www.facebook.com/propertyguysnj,
rcgglobaltv.com,202-517-4922,https://www.facebook.com/115280944513495,
cancersupportdelaware.org,302-995-2850|302-645-9150|302-734-0898,https://www.linkedin.com/company/cancer-support-community-delaware/|https://www.facebook.com/CancerSupportDE/|https://www.instagram.com/cancersupportde/,
cryptohomiesclub.io,,https://www.instagram.com/cryptohomies_/|https://www.facebook.com/cryptohomiesnft,
kusbeautyusa.com,1709571558,,
bookkeepinglogic.com,408.690.1896,,
neomedia-dg.com,,https://www.facebook.com/neomedia.dg|https://www.linkedin.com/company/neomedia-design-group|https://www.instagram.com/neomedia.dg,
3lechesbake.com,(225) 572-6013|(225) 287-5355,https://www.facebook.com/3lechesbake/|https://www.instagram.com/3lechesbakery/,
baypointlabs.com,(707) 747-6081,,
bigtransformerbushings.com,330-493-1893|330-493-1890,,
childcarecompany.org,(240) 583-0865,,
periogel.net,,https://www.instagram.com/perioprotect/|https://www.facebook.com/PerioProtect,
whittiershuttle.com,907-350-6010|888-257-8527,,
aetheradvisors.com,,https://www.linkedin.com/in/julie-ryan-3a46504/,
fightguard.net,714-457-5391|877-303-6180,,
southsidedentalcare-dentalclinic.business.site,(314) 865-4244|(314) 865-3838,,
directjet.com,800-299-5381,https://www.facebook.com/Direct-Jet-Charter-LLC-123777037688095/,
sacreativedesign.com,832.646.2308,,
sceniclandscaping.net,914-621-6500|914-962-7333,,
temploebenezerweslaco.com,(956) 968-8142,https://www.facebook.com/ebenezerweslaco,
leahyfamilydentistry.com,(919) 363-4204,https://www.facebook.com/leahyfamilydentistry,
aristacons.com,(857) 899-0009,,
sbmobilenails.com,805-554-9029,,
aether-multimedia-llc.business.site,(480) 861-3471,,
cowpaddyfudge.wordpress.com,813-382-4158,,
maquez-kennelz.business.site,(650) 885-8160,,
harmonystarkennel.com,918-260-3665,,
homesforsalescv.com,(661) 250-2075|(661) 286-8610,,
1stamc.com,(626) 483-6280,,
apollostreams.com,801-492-6296,https://www.facebook.com/Apollo-Streams-103638581396058|https://www.instagram.com/apollostreams/,
fitfeetflorida.com,813-645-1993|(813) 563-6458|727-824-5100|(813) 645-1993,https://www.facebook.com/FitFeetForLifeFootandAnkle/,
kaylabeehler.com,,https://www.linkedin.com/in/kayla-beehler-61691410a/|https://www.instagram.com/kb_designs/,
stpunited.org,(816) 331-6444,https://www.facebook.com/stpunited/|https://www.instagram.com/explore/locations/999088086/st-pauls-united-methodist-church/,
2701jamesmwood.com,213-247-4210,,
infinitiofsouthatlanta.com,(770) 729-4843|(770) 729-4858,https://www.facebook.com/INFINITIofAtlanta,
talkingparents.com,,https://www.facebook.com/TalkingParents/|https://www.instagram.com/talkingparentsapp/,
hypnosishealthworks.com,(310) 404-1256,,
rewildyourgarden.com,207-653-9334|207.653.9334,https://www.facebook.com/kdbgardenrewilder/,
shakeprosolutions.com,,https://www.facebook.com/ShakeProSolutions/,
continentalfresh.com,305-860-9611,https://www.linkedin.com/company/continental-fresh-llc/|https://www.facebook.com/continentalfresh,
hdnavalue.com,310.378.5700,https://www.facebook.com/pages/Hollingshead-Dearden-Associates/848956838453944|https://www.linkedin.com/company/hollingshead-dearden-&-associates,
rgaineswebdevelopment.com,(816) 974-7493,https://www.facebook.com/RGainesWebDevelopment/,
spynewsletter.com,+1-775-964,,
mutterpasshuellen.eu,621-254-2147,,
theblueprintshop.com,850-224-2699|850-270-6332,https://www.facebook.com/tallahasseeblueprinting,
yourtowcompany.com,(425) 821-9004,https://www.facebook.com/yourtowcompany|https://www.instagram.com/yourtowco?igshid=NGVhN2U2NjQ0Yg==,
designedbycarla.com,,https://www.facebook.com/designedbycarla|https://www.instagram.com/designedbycarla/|https://www.linkedin.com/company/designedbycarla,
joyfuladoptions.com,703-222-3393|703-222-1101,,
taam.org,,https://www.instagram.com/turkishamericanassociationofmn/|https://www.facebook.com/100064335412739|https://www.facebook.com/BosnianTurkish,
scottsbluffcountyscanner.com,530-227-1340,https://www.instagram.com/diggingdeepertv,
green-graphixz-clothing-company.business.site,(206) 712-0312,,
ogcut.com,,https://www.instagram.com/_ogeee,
beezneedz.com,336-431-2339,https://www.facebook.com/BeezNeedz,
callunakennels.com,617-921-6197,https://www.facebook.com/101521885534293|https://www.instagram.com/callunakennels/,
car.hk,2005500045|2015800045,,
audinashville.com,(855) 894-6954,https://www.instagram.com/AudiDowntownNashville/|https://www.instagram.com/audi/|https://www.facebook.com/audidowntownnashville|https://www.facebook.com/pages/Audi-Nashville/162522013767116,
blackdiamondregulatory.com,(267) 251-3123,,
rainbowphillyweddingofficiants.com,215-870-3103|(215) 870-3103|215-686-2233,,
aquamarinejewelrystudio.com,,https://www.facebook.com/groups/151371239459386/|https://www.facebook.com/aquamarinejewelrystudio/,
86fest.com,,https://www.facebook.com/86FEST/|https://www.facebook.com/TeamTopakRacing|https://www.instagram.com/86fest/|https://www.facebook.com/events/285767488297736/|https://www.facebook.com/CarsWithoutLimits/,
jasonheltonrealestate.com,,https://www.linkedin.com/company/moxi-works/|https://www.facebook.com/moxiworks |https://www.instagram.com/moxiworks/ ,
kathymetzinc.com,,https://www.facebook.com/|https://www.linkedin.com/|https://www.instagram.com/,
westtubingcompany.com,,https://www.instagram.com/west_tubing_company/|https://www.facebook.com/westtubingcompany,
bluestreakgrinding.com,602-353-8088,,
wellbaum-apiaries.business.site,(937) 689-6446,,
aroostooktechnologies.com,,https://www.facebook.com/AroostookTechnologies,
branchedoakmarina.com,,https://www.facebook.com/Branched-Oak-Marina-155307791173595/,
eringallagher.wordpress.com,312.492.7458,,
successoilco.com,(818) 974-9623|800-451-9865,,
thermalpd.com,770-203-2772,https://www.linkedin.com/company-beta/22330394/|https://www.linkedin.com/company/thermalprocessdevelopment/,
nomadicbearproductions.com,831.420.7008,https://www.linkedin.com/in/chris-mcgilvray-91204bb/|https://www.instagram.com/nomadic.bear/,
timothylee.us,(408) 740-0862,https://www.linkedin.com/in/timothylee-us/,
eattacorepublic.com,,https://www.instagram.com/eattacorepublic/|https://www.facebook.com/TheTacoRepublic/?ref=pages_you_manage,
ehardts.com,(810) 310-8300|(810) 648-2265|(810) 679-3900|(989) 635-7777|(989) 912-3211|(810) 359-5322|(810) 346-2637|(810) 793-5006,,
secondnaturedesignsmv.com,508-627-6594,https://www.facebook.com/SecondNatureDesignsMV/|https://www.instagram.com/secondnaturedesignsmv/?hl=en|https://www.linkedin.com/in/renee-clermont-5896095a,
skgfitness.training,,https://www.facebook.com/SKGFitnessTraining,
crazy.builders,,https://www.facebook.com/Crazy-Builders-1025906864112213/,
laurafoxreel.com,(310) 205-5811|(310) 205-5812|(310) 205-5896,,
msconfinance.com,,https://www.instagram.com/ms.confinance|https://www.facebook.com/ms.confinance/,
rollupdoorrepairnyc.com,917-791-1393,,
capricommercialcapital.com,503-765-6960,,
deliverance-ministry-new-york.com,888-202-9516,,
loudandclaire.com,617-416-2641,https://www.facebook.com/loudandclaire|https://www.facebook.com/loudandclaire/,
xpressbenefits.net,832-569-7828,,
crestonhousefl.com,800-587-2287,https://www.facebook.com/coastalrealtyandpropertymanagement,
paigeleblanc.com,,https://www.instagram.com/jk_paige|https://www.linkedin.com/in/paige-fleming-4a87875b/,
tefftfoundation.com,603-472-3557,,
budgetmobilehometransport.com,(405) 880-2041,,
skylinevisioncare.com,(402) 964-2225|(402) 933-5018,https://www.facebook.com/skylinevision/|https://www.instagram.com/skylinevisioncare/,
maido-shimizuya.com,910-626-8525,,
bzzster.com,,https://www.facebook.com/shareaholic,
caring-hands-seniorsolutionsgroupinc.business.site,(801) 704-0785,,
kourco.com,337-269-8852|(888) 269-9114|888-269-9114,,
pioneerpropertydevelopment.com,,https://www.facebook.com/pioneerpropertydevelopment,
webranium.co.uk,987.654.3210,,
wwnboa.org,(386) 446-6525,,
dablawoffice.com,978.840.9032|978.840.0001,,
fedorovfilms.com,(425) 418-8340,,
post32nc.org,910-568-3035|(910) 527-9821|347-902-5740,https://www.facebook.com/groups/Post32NC/,
concordncwildliferemoval.com,980-245-4343,,
ihostnewyork.com,(212) 888-9494,https://www.facebook.com/pages/iHostNewYork/692220950894801,
sapphiresleepovers.squarespace.com,,https://www.instagram.com/sapphiresleepovers/|https://www.facebook.com/SapphireSleepovers/?ref=aymt_homepage_panel&eid=ARCfE7L3cyhKmxACuvTWM4H5jiUiIMQPkEt0PtaS-b7hqS2wE66fVGx9U6ef_U4yU__lW534BEjkqZ9J,
vibrantlifefarms.com,(970) 222.5917|970.222.5917,https://www.facebook.com/vibrantlifefarms|https://www.instagram.com/vibrantlifefarms,
greggardnersbarbershop.com,(814) 267-3226,,
hautesalonjc.com,573-634-7476,https://www.instagram.com/hautesalonjc/|https://www.facebook.com/hautesalon,
ropescan.us,(701) 478-6666,,
saracott.com,404-850-1270,,
hubbardstudios.com,541.610.8436,https://www.instagram.com/hubbardsteve/|https://www.facebook.com/HubbardStevePhoto,
roushdetailingllc.com,,https://www.instagram.com/RoushDetailingLLC.Colorado|https://www.facebook.com/RoushDetailingLLC,
arisepca.com,,https://www.instagram.com/p/C2AsPGvvfkO/|https://www.instagram.com/p/Cwd17W8P74a/|https://www.instagram.com/p/C2JDvxrp05K/|https://www.instagram.com/p/C0UYJ1qpHFC/|https://www.instagram.com/arisepresbyterian/|https://www.instagram.com/p/CxwqejjLW7g/|https://www.instagram.com/p/CyBPdeML5cy/|https://www.instagram.com/p/CxOTmf0v2Vw/|https://www.instagram.com/p/C2u_AYnJghF/|https://www.instagram.com/p/C20msCgvWrr/,
documentsandforms.com,,https://www.facebook.com/sharer/sharer.php?u=https%3A%2F%2Fdocumentsandforms.com%2Fdownloads%2Fthe-master-guide-to-plr-2%2F|https://www.facebook.com/sharer/sharer.php?u=https%3A%2F%2Fdocumentsandforms.com%2Fdownloads%2Fnetworking-public-speaking-for-internet-marketers-2%2F|https://www.facebook.com/sharer/sharer.php?u=https%3A%2F%2Fdocumentsandforms.com%2Fdownloads%2Finternet-marketers-guide-to-plr-2%2F|https://www.facebook.com/sharer/sharer.php?u=https%3A%2F%2Fdocumentsandforms.com%2Fdownloads%2Fthe-branding-formula-2%2F|https://www.facebook.com/sharer/sharer.php?u=https%3A%2F%2Fdocumentsandforms.com%2Fdownloads%2Femail-marketing-101%2F|https://www.facebook.com/sharer/sharer.php?u=https%3A%2F%2Fdocumentsandforms.com%2Fdownloads%2Finternet-marketing-secrets-unlocked%2F|https://www.facebook.com/sharer/sharer.php?u=https%3A%2F%2Fdocumentsandforms.com%2Fdownloads%2Faction-driven-living%2F|https://www.facebook.com/sharer/sharer.php?u=https%3A%2F%2Fdocumentsandforms.com%2Fdownloads%2Fheavy-duty-online-selling-2%2F|https://www.facebook.com/sharer/sharer.php?u=https%3A%2F%2Fdocumentsandforms.com%2Fdownloads%2Fturning-digital-trash-into-cash-2%2F|https://www.facebook.com/sharer/sharer.php?u=https%3A%2F%2Fdocumentsandforms.com%2Fdownloads%2Fmiracle-commissions%2F|https://www.facebook.com/sharer/sharer.php?u=https%3A%2F%2Fdocumentsandforms.com%2Fdownloads%2Fproduct-funnel-optimization%2F|https://www.facebook.com/sharer/sharer.php?u=https%3A%2F%2Fdocumentsandforms.com%2Fdownloads%2Fdoing-business-with-paypal-2%2F|https://www.facebook.com/sharer/sharer.php?u=https%3A%2F%2Fdocumentsandforms.com%2Fdownloads%2Fthe-master-guide-to-plr%2F|https://www.facebook.com/sharer/sharer.php?u=https%3A%2F%2Fdocumentsandforms.com%2Fdownloads%2Fthe-ultimate-copywriting-handbook%2F|https://www.facebook.com/sharer/sharer.php?u=https%3A%2F%2Fdocumentsandforms.com%2Fdownloads%2Flearning-the-legalese%2F|https://www.facebook.com/sharer/sharer.php?u=https%3A%2F%2Fdocumentsandforms.com%2Fdownloads%2Fcash-building-strategies-2%2F|https://www.facebook.com/sharer/sharer.php?u=https%3A%2F%2Fdocumentsandforms.com%2Fdownloads%2Fhow-to-price-your-product-or-service-just-right-2%2F|https://www.facebook.com/sharer/sharer.php?u=https%3A%2F%2Fdocumentsandforms.com%2Fdownloads%2Flearning-the-legalese-2%2F|https://www.facebook.com/sharer/sharer.php?u=https%3A%2F%2Fdocumentsandforms.com%2Fdownloads%2Fcash-building-strategies%2F|https://www.facebook.com/sharer/sharer.php?u=https%3A%2F%2Fdocumentsandforms.com%2Fdownloads%2Ffiresale-profits-revealed-2%2F|https://www.facebook.com/sharer/sharer.php?u=https%3A%2F%2Fdocumentsandforms.com%2Fdownloads%2Fproduct-flipping-for-cash-2%2F|https://www.facebook.com/sharer/sharer.php?u=https%3A%2F%2Fdocumentsandforms.com%2Fdownloads%2F7-days-to-plr-profits-2%2F|https://www.facebook.com/sharer/sharer.php?u=https%3A%2F%2Fdocumentsandforms.com%2Fdownloads%2Fdont-delay-sell-more-online-2%2F|https://www.facebook.com/sharer/sharer.php?u=https%3A%2F%2Fdocumentsandforms.com%2Fdownloads%2Fproduct-funnel-optimization-2%2F|https://www.facebook.com/sharer/sharer.php?u=https%3A%2F%2Fdocumentsandforms.com%2Fdownloads%2Fthe-branding-formula%2F|https://www.facebook.com/sharer/sharer.php?u=https%3A%2F%2Fdocumentsandforms.com%2Fdownloads%2Ftimeless-sales-strategies-2%2F|https://www.facebook.com/sharer/sharer.php?u=https%3A%2F%2Fdocumentsandforms.com%2Fdownloads%2Fslaying-social-anxiety%2F,
mikesagfencerepair.com,(240) 285-6648,https://www.facebook.com/Mikes-Agriculture-Fence-Repair-101798072153722/?ref=page_internal,
thatpaintgirl.com,615-767-7584,,
dreamservicesoftware.com,210-695-0795,https://www.linkedin.com/company/dream-service-software|https://www.facebook.com/dreamservicecrm|https://www.instagram.com/dreamservicesoftware/,
thelocalmanjakemangan.com,(516) 361-9474,https://www.linkedin.com/in/localmanjakemangan/,
two2brew.com,877-662-7544,https://www.facebook.com/hellotwo2brew/,
villavieira.com,(818) 878-0300,,
blueridgechair.com,,https://www.instagram.com/blueridgechairworks/|https://www.facebook.com/pages/Blue-Ridge-Chair-Works/276930045675311,
dewingscenter.org,231-768-3519,https://www.facebook.com/DewingsCenter/|https://www.facebook.com/sharer/sharer.php?u=https://dewingscenter.org/event/prhs-jazz-band/|https://www.facebook.com/sharer/sharer.php?u=https://dewingscenter.org/event/beekeeping-class-beginner/|https://www.linkedin.com/sharing/share-offsite/?url=https://dewingscenter.org/event/beekeeping-class-beginner/|https://www.linkedin.com/sharing/share-offsite/?url=https://dewingscenter.org/event/bluegrass-concert/|https://www.facebook.com/sharer/sharer.php?u=https://dewingscenter.org/event/bluegrass-concert/|https://www.linkedin.com/sharing/share-offsite/?url=https://dewingscenter.org/event/pine-river-chime-choir-with-guests/|https://www.facebook.com/sharer/sharer.php?u=https://dewingscenter.org/event/pine-river-chime-choir-with-guests/|https://www.linkedin.com/sharing/share-offsite/?url=https://dewingscenter.org/event/prhs-jazz-band/,
maryfrancespencer.com,818-209-1854,https://www.facebook.com/mary.f.spencer.9/|https://www.instagram.com/mf_spencer/,
jbdecker.com,269.599.4423,,
torres-hvac.business.site,(815) 474-9630|(815) 836-1970,,
strivelacrosseacademy.com,(856) 304-8673,https://www.instagram.com/strivelacrosseacademy/?hl=en,
maiaschmidt.com,,https://www.instagram.com/maiaschmidtviolin/,
bellocasa.com,732.908.2232|732-908-2232,,
down-southmoving.business.site,(404) 913-4623,,
reeleminbaitandtackle.com,772-581-1027|(772) 581-1027,https://www.facebook.com/Reel-Em-In-Bait-Tackle-657340811058678/,
abcbni.com,603.893.5853,,
goldenscrollsoloists.com,860-949-5609,https://www.facebook.com/GSSstrings/|https://www.instagram.com/goldenscrollsoloists/?hl=en,
dallassurgicalgroup.com,(214) 350-6672,,
randrdance.com,(843) 503-9616,https://www.instagram.com/randr_dance/|https://www.facebook.com/676206005802894,
sbstransportllc.com,,https://www.facebook.com/SBS-Transport-LLC-101932885163238|https://www.instagram.com/sbstransportllc/,
aestatix.com,,https://www.linkedin.com/company/aestatix/|https://www.instagram.com/aestatix/,
cadottfamilyrestaurant.com,(715) 978-0027,https://www.instagram.com/cadottfamilyrestaurant/|https://www.facebook.com/cadottfamilyrestaurant/,
figureitoutagency.com,,https://www.instagram.com/figureitoutagency,
jadynbags.com,,https://www.instagram.com/jadynbags/|https://www.facebook.com/jadynbags,
cwenergyusa.com,480-998-1694,https://www.linkedin.com/company/cwenergy/about/|https://www.facebook.com/cwenergyusa/,
newasianjuyuan.com,763-595-8888,,"693 Winnetka Ave N, Golden Valley, MN 55427"
tandoorrestaurants.com,,https://www.instagram.com/tandoor_indianslc?igsh=MXJnbXZvZGF4b3Bncw==,
erikashome.com,704-576-1671|704-602-0219,,
littlefeetforestschool.org,,https://www.instagram.com/littlefeetforestschool/,
nationalcarousels158.com,801-573-5552|801-968-7068,,
advancenetsupport.com,(786) 426 3492|(786) 426-3492,https://www.facebook.com/Advance-Network-Support-661423253958787|https://www.linkedin.com/company/advance-network-support-inc/about/,
drtompastor.com,612-314-3739,,
drrudlin.com,804-353-1000,,
oldfarmhouseprimitives.com,717-940-6057,https://www.facebook.com/OldFarmhousePrimitives|https://www.instagram.com/oldfarmhouseprimitives/,
dskidsermons.com,,https://www.facebook.com/dskidsermons/,
hiddenforestdesign.com,530-518-4565,,
marylandplatingservicinginc.com,(410) 284-1326,,
govirtualoffice.com,888-773-2123,https://www.facebook.com/govirtualoffice/|https://www.linkedin.com/company/govirtualoffice,
theburningship.com,773-251-9470,,
gforcefoundation.com,,https://www.facebook.com/GForceAR,
limitlesscounselingservices.com,(281) 810-8711|281-810-8711,https://www.linkedin.com/company/wix-com|https://www.facebook.com/wix|https://www.instagram.com/wix,
sben.org,,https://www.linkedin.com/company/southeast-benefits-education-network,
trusted-home-inspection.business.site,(612) 224-6659,https://www.facebook.com/Trusted-Home-Inspection-549876598875250/?modal=admin_todo_tour,
dotsandcubes.com,813-857-5200,,
foreverepoxy.com,506.850.9956|506.878.1444,https://www.facebook.com/forever.epoxy/|https://www.facebook.com/forever.epoxy.inc/,
graspinc.org,,https://www.instagram.com/grasppetrescue/|https://www.facebook.com/GRASPinc,
realtorhsu.net,512-968-9053,https://www.facebook.com/christinehsu1|https://www.instagram.com/chris_hsu,
yogawithorly.com,(510) 692-2445,,
happydaycreations.net,561.628.4824,https://www.facebook.com/happydaycreations,
libanswers.shadygrove.umd.edu,301-738-6020|301-799-8771,,
minastollery.com,,https://www.instagram.com/electric_skillet/,
cincyscrubs.com,513-939-6007,https://www.facebook.com/cincyscrubs/|https://www.instagram.com/@CincyScrubs,
figlass.biz,845-354-6074|631-583-5644,,
horizons.church,402-512-5700,https://www.facebook.com/HorizonsCommunityChurch/|https://www.instagram.com/horizons_community_church/|https://www.facebook.com/groups/366999870521503/,
mygoodhorse.weebly.com,805-479-1140,,
wombatworks.org,,https://www.facebook.com/wombatworksllc,
yourhairdynasty.com,,https://www.instagram.com/yourhairdynasty|https://www.facebook.com/yourhairdynasty,
alpha-research-associates-research-institute.business.site,(937) 231-9329,https://www.facebook.com/AlphaResearchLLC/,
astepabovemb.com,,https://www.facebook.com/A-Step-Above-Flooring-810287332403927/,
busiup.com,(954) 294-7541,,
clockinc.org,309-558-0956,https://www.linkedin.com/in/clockinc/|https://www.facebook.com/designs.chasing|https://www.instagram.com/clockinclgbt/,
oceancurrent.com,,https://www.instagram.com/oceancurrent/,
itpc-usa.com,,https://www.facebook.com/wix,
directdrivelogistics.com,877.633.5045,,
uomosport.com,310.205.0407,https://www.linkedin.com/company/uomo-sport|https://www.facebook.com/UOMOSPORT2016/,
amfaviation.com,931-980-1215,,
cenladerm.com,(318) 933-3377|(318) 933-3376,https://www.facebook.com/CenLaDerm|https://www.instagram.com/CenLaDerm,
central-texas-mobile-notary-notary-public.business.site,(512) 870-7010,,
the-greenwich.com,513-221-1151,https://www.facebook.com/pages/The-Greenwich/132754124391,
thefeldenkraiscenter.com,714.929.8893,https://www.linkedin.com/in/lori-malkoff-md-mph-6512261a7/,
coltonfamilydental.com,(909) 824-7060,,
campaigntostopgunviolence.org,(202) 408-0061,,
earthrenovation.net,(312) 520-9918,,
morenohillssda.org,(951) 485-4646,https://www.facebook.com/morenohillssdachurch,
romanolawpllc.com,248-936-2105|(248) 750-0270|248-750-0270,,
beaconhillrealtygroup.com,732.291.0070,https://www.facebook.com/104624916685283,
designsbydjflorist.com,304-736-2550,https://www.facebook.com/CustomDesignsbyDJackson/,
mytomisushi.com,310.823.8944,https://www.facebook.com/Tomi-sushi-535509370252851/|https://www.instagram.com/mytomisushi/?hl=en,
therealbcmg.com,,https://www.facebook.com/therealbcmg/|https://www.instagram.com/therealbcmg/,
familyintimacy.com,,https://www.instagram.com/home_for_family_intimacy/|https://www.facebook.com/familyintimacy/,
mompopshop.com,,https://www.instagram.com/p/CE4ZQ11JPED/|https://www.facebook.com/momandpopshoptruck|https://www.instagram.com/p/CEumEgKJAdh/|https://www.instagram.com/momandpopshoptruck/|https://www.instagram.com/p/CE9xlu7JLDV/|https://www.instagram.com/p/CEzTCZ6JvcW/|https://www.instagram.com/p/CExDvuFp1Sk/|https://www.instagram.com/p/CEsLS9xJ7pZ/|https://www.instagram.com/p/CEo7JJfJF7_/|https://www.instagram.com/p/CFAv0EGpVR2/,
alibaba-kebab.com,716-919-1111|716-800-2222,https://www.facebook.com/AlibabaKebab716|https://www.instagram.com/alibabakebabbuffalo/?hl=en,
kellyhohlainteriors.com,,https://www.facebook.com/hohlainteriors/?ref=bookmarks,
lawrencedy.com,858-449-1253|858.449.1253,,
sullivanswcd.org,(845) 295-9073|(845) 292-6552,,
grpinsurance.com,(877) 641-6677|(561) 448-7410,,
acornlawpc.com,805-409-3878,https://www.facebook.com/acornlaw/,
imperiumstrategiesllc.com,,https://www.linkedin.com/company/imperium-public-strategies/|https://www.facebook.com/ImperiumPublicStrategies/,
tic-texas.com,281-265-0402|281-265-0409,https://www.facebook.com/TICSugarLand/|https://www.instagram.com/texas_inpatient_consultants/|https://www.linkedin.com/company/texas-inpatient-consultants-lllp/,
bathpeople.com,,https://www.facebook.com/bathpeople/|https://www.instagram.com/bathpeopleco/,
richardsservicecenter.com,(864) 923-2312,,
lifeofbtc.org,(803) 549-0083,https://www.instagram.com/life.of.btc/|https://www.facebook.com/Sterling-Council-605921499827431,
lgcountryschool.com,(847) 438-4834,,
wanakenapinecone.wordpress.com,315-309-4040,https://www.facebook.com/profile.php,
clevelandheightsapartments.com,814-969-2004,,
hueboost.com,(877) 449-5079,https://www.instagram.com/hue_boost/|https://www.facebook.com/Hue-Boost-LLC-107173007758428,
108production.com,,https://www.linkedin.com/company/108-production|https://www.facebook.com/108Production/,
penchiroclinic.com,(360) 385-4900|360-385-4900,https://www.facebook.com/peninsulachiropracticclinic/,
rmiflooring.com,833-641-4912,https://www.linkedin.com/company/rm-interiors-&-design-inc/mycompany/?viewAsMember=true|https://www.facebook.com/RMInteriorsFlooring|https://www.instagram.com/rmiflooring/,
divinemomentsdaycare.com,(470) 295-3316,https://www.linkedin.com/company/wix-com|https://www.facebook.com/wix,
fine-art-construction.business.site,(978) 377-0413,,
beehivebargains.com,,https://www.facebook.com/BeehiveBargains|https://www.instagram.com/beehive_bargains,
cheftea.com,540-659-9687,,
northwest-georgia-regional-commission.business.site,(770) 324-2819|(706) 295-6485,,
eventsbyabel.com,619-571-2279,https://www.linkedin.com/company/events-by-abel,
gsiprint.com,(248) 960-0079|248.960.0077|(248) 960-0077,,
highbrow-beauty.com,605-431-4825,https://www.facebook.com/permanentmakeupbytasia,
kikimo.com,,https://www.facebook.com/kikimoinc/,
dionisioducusin.com,503-244-7577,,
hitsforhomeless.com,713-409-8019,,
oldtraditiontattoo.com,(323) 333-5394,https://www.instagram.com/justinyuo/|https://www.instagram.com/frost_bot/|https://www.instagram.com/chrissuicide/|https://www.facebook.com/oldtraditiontattoo?ref=br_tf,
phalanxgrpservices.org,773-291-2086,https://www.facebook.com/phalanxfamilyservices|https://www.instagram.com/phalanxfamilyservices,
dbdtravel.net,(866) 323-8728|866-323-8728,https://www.facebook.com/DestinationsByDesign/|https://www.instagram.com/destinations_by_design/,
easystreetcookies.com,,https://www.instagram.com/wix|https://www.facebook.com/wix,
millarandsons.net,,https://www.facebook.com/Millar-and-Sons-Inc-193085170723228/|https://www.instagram.com/millarandsons/?hl=en,
parklandhairclinic.info,678-984-1677,,
singinglessonstemecula.com,323-573-1408,,
brushsolutions.net,,https://www.facebook.com/brushsolutions,
hillartistry.com,360.926.8426,,
mazalai.com,510-309-6812,https://www.instagram.com/mazalai_/|https://www.linkedin.com/company/mazalai-corp/|https://www.facebook.com/mazalaicorp/,
pastashopfresh.com,(510) 547-1423,https://www.facebook.com/markethallfoods|https://www.instagram.com/markethallfoods,
statelinekids.com,,https://www.facebook.com/StatelineKids,
kokuanutrition.com,833-563-0471|1790331056,https://www.facebook.com/Shelby-Slenkamp-MS-RDN-CD-104966600868165/?ref=aymt_homepage_panel&eid=ARCMWWxltXCQuWS_9YoeGhtrDkGZLg0BO_ziJ0ZQBxJLmeYTlW0y7CtpKAQz9ZM0Rg7NBf8eFiy3wlH5|https://www.instagram.com/shelbyerin_rdn/,
royalinvestmentgroupinc.com,660-238-3558|913-954-7402,,
tangles-salon.com,(925) 240-0333,https://www.facebook.com/tangles.brentwood|https://www.instagram.com/tangles_salon_brentwood,
vividsalonmadison.com,(203) 318-5024,https://www.instagram.com/vivid_salon_|https://www.facebook.com/vivid.madison,
crazypokemiami.com,,https://www.facebook.com/crazypokemiami|https://www.instagram.com/crazypokemiami,
executivecarservicelax.com,800-878-1995,,
ubercigar.com.au,,https://www.instagram.com/ubercigar/|https://www.facebook.com/groups/680435820719649/,
djs-general-service-llc.business.site,(410) 710-9345,,
logicworks.cc,561-202-7477,,
nsea.org,800-742-0047|402-475-2630|402-475-7611,https://www.facebook.com/nsea.org,
wheelrepairphoenix.com,(602) 688-2242,,
spots.edu,,https://www.instagram.com/saintphotiosseminary/?hl=en/|https://www.facebook.com/saintphotiosseminary/,
mygentxt.org,,https://www.facebook.com/home.php#!/pages/GentXt/126974930683972,
mlfcare.org,(626) 281-9820,https://www.facebook.com/MorningLightFoundation/,
oneononesc.com,(864) 576-3733,https://www.facebook.com/oneononefitnessllc|https://www.instagram.com/mrresultz/?hl=en,
pattikavanagh.massagetherapy.com,716-799-2878,,
pearlandcounseling.com,281.804.1900|(281) 804-1900,,
simplythaidining.com,(510) 793-1698,,
chugiak.org,(907) 688-2677|(907) 688-1319,https://www.facebook.com/chugiakeagleriverseniorcenter/,
hangtownkc.org,(530) 622-6909,,
wordofgodokc.com,(405) 286-5303,https://www.instagram.com/wordofgodokc/|https://www.facebook.com/wordofGodchurchokc/,
bigdiamondpools.com,(713) 242-9033|713-242-9033,https://www.facebook.com/profile.php?id=100054351198418,
gentleconfections.com,,https://www.facebook.com/GentleConfections|https://www.instagram.com/gentleconfections/,
hairdesigners-hairsalon.business.site,(815) 943-3819,,
thermproutah.com,(801) 268-9658,,
yttangsoodo.com,972-941-4550,https://www.facebook.com/profile.php?id=100063741063411,
barbaranichols.org,408-550-3315,,
kiddnap.com,084-271-2233,https://www.facebook.com/KiddNap.MintTower,
kiplearningandactivitycenter.com,832-797-3219,,
fortcollinsshowerdoor.com,970-217-9360,,
pinilishalpern.com,(973) 401-1111,,
17thstreetthaisushifl.com,(954) 994-1717,https://www.facebook.com/17st-Thai-Sushi-127636251284380/,
libertybaptist.org,408-274-5611,https://www.facebook.com/LBCSanJose|https://www.instagram.com/libertybaptistsj/,
heather-brooks-painted-furniture.ueniweb.com,,https://www.facebook.com/share.php?u=https%3A%2F%2Fheather-brooks-painted-furniture.ueniweb.com&title=Heather+Brooks+Painted+Furniture,
juniorchefsofamerica.org,,https://www.facebook.com/juniorchefsoa|https://www.instagram.com/jcoarocks,
kccashbuyer.com,816-804-7783|(816) 804-7783,,
writingonboard.com,,https://www.facebook.com/NormandieFischer|https://www.facebook.com/NormandieFischer/,
sofloweb.com,(561) 290-2980,https://www.linkedin.com/company/sofloweb/|https://www.instagram.com/soflowebteam|https://www.facebook.com/soflowebteam,
carolynsnails.com,,https://www.facebook.com/groups/212874133793743,
globalonefinancialsolutions.com,888-545-6686,https://www.facebook.com/G1fsolutions|https://www.linkedin.com/pub/jerome-clay/13/305/17a,
handymanexpressservice.net,561-906-6933,,
msjudithsewins.com,,https://www.facebook.com/Fabuloushairandweavesalon|https://www.linkedin.com/in/judithmarie,
balancedwellnessami.com,(845) 532-4167,https://www.instagram.com/balancedwellnessami/|https://www.facebook.com/BalancedWellnessAmi,
yokohamayakitorikoubou.com,(858) 277-8822,https://www.instagram.com/yokohama_yakitori_koubou/|https://www.facebook.com/YokohamaYakitoriKoubou,
directtransportsys.com,516-852-2709,,
finishingtouch.contractors,(630) 387-5151,https://www.facebook.com/FTInstalls/,
lloydfeinberg.com,,https://www.linkedin.com/company/moxi-works/|https://www.facebook.com/moxiworks |https://www.instagram.com/moxiworks/ ,
alldolledupspabus.com,313-643-5440,https://www.instagram.com/alldolledupspabus/|https://www.facebook.com/alldolledupmobilespa,
cstyled.com,(303) 522-8659,https://www.facebook.com/cooperstyled/,
intlselfstorage.com,(910) 485-2428|(910) 665-8737,,
nynjelevator.com,(888) 569-3042,https://www.facebook.com/NYNJElevatorCo/|https://www.linkedin.com/company/ny-nj-elevator-co,
nachonomics.com,,https://www.facebook.com/NachoNewsNetwork/|https://www.facebook.com/Nachonomics,
safetychain.com,888-235-7450,https://www.facebook.com/safetychain/|https://www.linkedin.com/company/safetychain-software/,
howellci.com,802-279-6093,,
gygeneralservices.business.site,(786) 371-9728|(305) 804-1566,,
kickitupquilting.com,,https://www.facebook.com/KickItUpQuilting/|https://www.instagram.com/kickitupquilting/,
aop3d.com,781-507-1606,https://www.facebook.com/AOPthreeD|https://www.instagram.com/aop3d/,
proexecstaffing.com,713-248-2245,https://www.facebook.com/proexecstaffing,
stewartgrain.com,(765) 986-2254|217-759-7938|(217) 759-7938|765-986-2254,,
truyasushica.com,(408) 244-4534,,
camilluscusecamp.com,(315) 552-0182|(315) 791-4511,https://www.instagram.com/cusecamp/|https://www.instagram.com/camilluscusecamp/|https://www.facebook.com/CamillusCuseCamp/,
hyhp.org,,https://www.instagram.com/hawaiiyhp|https://www.facebook.com/hawaiiyhp|https://www.linkedin.com/company/hyhp,
thebeautyteam.com,908-917-5233,https://www.instagram.com/|https://www.linkedin.com/|https://www.facebook.com/The-Beauty-Team-NJ-1524388267839855|https://www.instagram.com/thebeautyteamnj/?hl=en|https://www.facebook.com/|https://www.linkedin.com/in/daniela-brozkova-3b084b9/,
ascend-tech.us,,https://www.linkedin.com/company/ascendant-software-technology-llc/,
longrealty.com,800.354.5664|800-354-5664,https://www.instagram.com/longrealty/|https://www.facebook.com/longrealty|https://www.linkedin.com/company/long-realty-company/about/,
miltongeorgialiving.com,,,"Milton, GA, USA@34.1321631,-84.30066599999998"
smensclub.org,412-741-9622,https://www.facebook.com/smensclub,
woodgateapts.net,(844) 201-7843,https://www.facebook.com/sharer/sharer.php?u=https://www.woodgateapts.net&src=sdkpreparse|https://www.instagram.com/woodgate.jordan.landing/|https://www.facebook.com/pg/aptswoodgate/photos/,
fanbladedesigns.com,208-720-4041,https://www.facebook.com/pages/Fan-Blade-Designs/1414707588783035,
ghostmountain.org,,https://www.instagram.com/ghostmountainpdx/,
lequedagua.com,,https://www.facebook.com/lequedagua.lda/|https://www.instagram.com/lequedagua/,
nbwatergardens.com,660-229-3777,,
semillacenter.org,,https://www.instagram.com/semillacenter/|https://www.facebook.com/SemillaCenter/,
oneforallartists.com,(267) 254-4148|267-254-4148,https://www.instagram.com/p/CDsXW3dDkoH/?utm_source=ig_web_copy_link|https://www.instagram.com/oneforallartists/,
sanctuaryfarmphila.org,(267) 703-0194,https://www.facebook.com/SanctuaryFarmPhila/|https://www.instagram.com/sanctuaryfarmphila/,
latinoyouthoutreach.org,,https://www.facebook.com/profile.php?id=100084752890001&mibextid=ZbWKwL|https://www.instagram.com/latinoyouthoutreach?igshid=NmE0MzVhZDY=|https://www.linkedin.com/in/joseph-paniagua-a67034268,
reignvolleyball.com,561-593-0602|(352) 742-0080,https://www.facebook.com/reignvolleyballclub/|https://www.instagram.com/reign_vb/,
wibidata.com,403-904-3623,https://www.linkedin.com/company/14585922|https://www.facebook.com/ThemeFusion-101565403356430/|https://www.instagram.com/themefusion/|https://www.facebook.com/WibiDataofficial,
diecutstickers.com,(206) 816-3421,https://www.facebook.com/diecutstickers|https://www.instagram.com/diecutstickersdotcom/,
edgeinsurance.biz,850-209-4145|850-391-3468,https://www.facebook.com/EdgeInsuranceBrokers,
bgkinvestments.com,(888) 414-9111|(818) 445-9921|(888) 335-3139,https://www.facebook.com/ben.keisari.9,
haciendailusionpr.com,(787) 354-5005,https://www.facebook.com/HaciendaIlusionPR/|https://www.instagram.com/haciendailusion/,
hawaii432.com,808-688-6855,,
troychurch.net,,https://www.facebook.com/pages/Troy-Church-of-Christ-Troy-Michigan/177466729614,
exaintelligence.com,(414) 840-8800,,
mannexcavating.com,707-799-4711,,
miqrotech.com,,https://www.linkedin.com/jobs/search/?f_C=10604931&geoId=92000000,
rfacapitalcorp.com,(914) 393-4509,https://www.instagram.com/p/CqXCr70sg1C/|https://www.instagram.com/p/CqXCk28MBcY/|https://www.instagram.com/p/CqvxcVzP82R/|https://www.instagram.com/p/CqXCO1isdgx/|https://www.instagram.com/p/Cr38miVvfe-/|https://www.instagram.com/p/CqXCdBhMC3u/|https://www.instagram.com/rfacapital/|https://www.instagram.com/p/CqXCU6BshbP/,
ameecleaning.com,(785) 565-0000|(785) 565 0000,,
cindywalker.com,(479) 967-2983|(479) 857-1041|(479) 967-6969,,
clearmirrorhealing.wordpress.com,,https://www.facebook.com/ClearMirrorHealing|https://www.facebook.com/ClearMirrorHealing/?ref=hl,
d-l-roofing-and-construction-llc.business.site,(813) 260-8962,,
lealvideoproductions.com,(510) 468-1847,https://www.linkedin.com/in/dan-leal-075993230/|https://www.instagram.com/danroleal/?hl=en,
nefsvt.com,802.754.8863,https://www.facebook.com/NortheastFarmServices/|https://www.facebook.com/NortheastFarmServices/?ref=hl,
yourvibrantnutrition.com,732-829-5146,https://www.facebook.com/Dietitianinfo/|https://www.instagram.com/wellnessoneill/|https://www.linkedin.com/in/annette-o-neill-rdn-3182a5ba/,
burst-media.com,208-573-9931,https://www.facebook.com/BurstMediaLLC/,
hightechautoservicesantamonica.com,(310) 399-9990,,
rebeccathebadass.com,,https://www.instagram.com/rebeccaekeating/,
tsunamipolo.org,,https://www.facebook.com/SFTsunamiWaterPolo?fref=photo,
brooklyntreecompany.com,929-297-0596,,
brilliantcityreiki.com,,https://www.facebook.com/Brilliant-City-Reiki-110822060603279|https://www.instagram.com/brilliant_city_reiki/,
genfreellc.com,,https://www.facebook.com/100137179118600|https://www.linkedin.com/company/genfree-llc,
gentzlerelectric.com,(214) 341-2890,,
amendedbeauty.com,719-445-9706,https://www.instagram.com/browbarinc_template/|https://www.facebook.com/hue32,
charlesmann-contracting.com,202-563-0080,https://www.linkedin.com/company/charles-mann-contracting|https://www.facebook.com/Charles-Mann-Contracting-101166035344705,
growthfutures.net,800-525-8487|425-885-9394|425-881-2956,,
drrokh.com,,https://www.facebook.com/DoctorRokh/|https://www.instagram.com/dr_rokh|https://www.linkedin.com/in/parastoo-chamanrokh-ph-d-a647616a,
